date,home_team,away_team,home_score,away_score,tournament,season,stage,knockout,neutral,home_corners,away_corners,home_shots,away_shots,home_sot,away_sot,home_yellow,away_yellow,home_red,away_red,home_fouls,away_fouls,match_id
1958-06-24,Brazil,France,5,2,FIFA World Cup,1958,Semi-finals,True,True,8,5,41,15,16,7,0,0,0,0,18,9,3888704
1958-06-29,Brazil,Sweden,5,2,FIFA World Cup,1958,Final,True,False,13,8,26,6,11,3,0,0,0,0,13,15,3888705
1962-05-30,Brazil,Mexico,2,0,FIFA World Cup,1962,Group Stage,False,True,7,2,34,9,12,4,0,1,0,0,10,21,3888854
1970-06-03,Brazil,Czechoslovakia,4,1,FIFA World Cup,1970,Group Stage,False,True,3,6,29,32,11,7,2,1,0,0,17,12,3888699
1970-06-07,Brazil,England,1,0,FIFA World Cup,1970,Group Stage,False,True,6,4,20,21,6,5,0,1,0,0,22,17,3888700
1970-06-09,Brazil,Romania,3,2,FIFA World Cup,1970,Group Stage,False,True,8,4,22,18,7,4,0,2,0,0,12,24,3889217
1970-06-14,Brazil,Peru,4,2,FIFA World Cup,1970,Quarter-finals,True,True,8,6,30,19,12,8,0,0,0,0,19,15,3889218
1970-06-17,Brazil,Uruguay,3,1,FIFA World Cup,1970,Semi-finals,True,True,5,2,23,18,8,5,1,3,0,0,22,21,3888701
1970-06-21,Brazil,Italy,4,1,FIFA World Cup,1970,Final,True,True,4,6,27,26,8,9,1,1,0,0,14,23,3888702
1974-06-19,Netherlands,Sweden,0,0,FIFA World Cup,1974,1st Group Stage,False,True,5,2,30,8,7,3,1,4,0,0,29,26,3888716
1974-06-22,German DR,Germany,1,0,FIFA World Cup,1974,1st Group Stage,False,False,3,10,13,28,4,5,3,0,0,0,12,11,3750180
1974-06-26,Netherlands,Argentina,4,0,FIFA World Cup,1974,1st Group Stage,False,True,5,1,18,3,9,1,2,1,0,0,18,13,3888717
1974-06-30,German DR,Netherlands,0,2,FIFA World Cup,1974,1st Group Stage,False,True,4,6,11,14,2,3,0,0,0,0,14,23,3888718
1974-07-03,Netherlands,Brazil,2,0,FIFA World Cup,1974,1st Group Stage,False,True,3,1,12,14,6,2,2,3,0,1,30,26,3888719
1974-07-07,Netherlands,Germany,1,2,FIFA World Cup,1974,Final,True,False,10,10,16,10,7,4,3,1,0,0,29,17,3888720
1986-06-22,Argentina,England,2,1,FIFA World Cup,1986,Quarter-finals,True,True,4,6,15,12,3,4,1,1,0,0,15,20,3750191
1986-06-25,Argentina,Belgium,2,0,FIFA World Cup,1986,Semi-finals,True,True,6,5,18,21,6,3,1,1,0,0,12,21,3889148
1986-06-29,Argentina,Germany,3,2,FIFA World Cup,1986,Semi-finals,True,True,8,6,10,12,5,2,4,2,0,0,29,26,3889149
1990-06-24,Brazil,Argentina,0,1,FIFA World Cup,1990,Round of 16,True,True,11,4,17,6,2,4,2,3,1,0,25,25,3793185
2018-06-14,Russia,Saudi Arabia,5,0,FIFA World Cup,2018,Group Stage,False,False,6,2,14,6,7,0,1,1,0,0,23,12,7525
2018-06-15,Portugal,Spain,3,3,FIFA World Cup,2018,Group Stage,False,True,3,5,10,12,3,5,1,1,0,0,13,11,7576
2018-06-15,Morocco,Iran,0,1,FIFA World Cup,2018,Group Stage,False,True,5,2,14,8,3,2,1,3,0,0,22,16,7577
2018-06-15,Egypt,Uruguay,0,1,FIFA World Cup,2018,Group Stage,False,True,0,5,8,16,3,4,1,0,0,0,16,7,7578
2018-06-16,Argentina,Iceland,1,1,FIFA World Cup,2018,Group Stage,False,True,10,2,28,9,7,2,0,0,0,0,11,17,7531
2018-06-16,Peru,Denmark,0,1,FIFA World Cup,2018,Group Stage,False,True,3,7,17,11,6,3,1,2,0,0,12,21,7532
2018-06-16,France,Australia,2,1,FIFA World Cup,2018,Group Stage,False,True,5,1,12,5,4,2,1,3,0,0,17,20,7530
2018-06-16,Croatia,Nigeria,2,0,FIFA World Cup,2018,Group Stage,False,True,6,4,11,13,2,2,2,1,0,0,21,15,7529
2018-06-17,Brazil,Switzerland,1,1,FIFA World Cup,2018,Group Stage,False,True,7,2,21,7,4,2,1,2,0,0,12,21,7533
2018-06-17,Costa Rica,Serbia,0,1,FIFA World Cup,2018,Group Stage,False,True,5,4,10,12,3,2,2,2,0,0,18,13,7535
2018-06-17,Germany,Mexico,0,1,FIFA World Cup,2018,Group Stage,False,True,6,1,26,12,9,4,2,2,0,0,13,15,7534
2018-06-18,Belgium,Panama,3,0,FIFA World Cup,2018,Group Stage,False,True,9,3,15,7,6,2,3,5,0,0,17,20,7536
2018-06-18,Sweden,South Korea,1,0,FIFA World Cup,2018,Group Stage,False,True,6,5,16,5,4,0,1,2,0,0,19,22,7538
2018-06-18,Tunisia,England,1,2,FIFA World Cup,2018,Group Stage,False,True,2,7,6,18,1,7,0,1,0,0,15,9,7537
2018-06-19,Colombia,Japan,1,2,FIFA World Cup,2018,Group Stage,False,True,3,6,10,14,3,6,2,0,1,0,15,11,7541
2018-06-19,Poland,Senegal,1,2,FIFA World Cup,2018,Group Stage,False,True,3,3,10,7,3,1,1,1,0,0,7,17,7539
2018-06-19,Russia,Egypt,3,1,FIFA World Cup,2018,Group Stage,False,False,7,4,12,15,4,2,2,1,0,0,10,11,7540
2018-06-20,Iran,Spain,0,1,FIFA World Cup,2018,Group Stage,False,True,2,6,6,18,0,3,2,0,0,0,14,15,7543
2018-06-20,Uruguay,Saudi Arabia,1,0,FIFA World Cup,2018,Group Stage,False,True,3,2,14,8,3,2,0,0,0,0,13,12,7544
2018-06-20,Portugal,Morocco,1,0,FIFA World Cup,2018,Group Stage,False,True,5,7,12,17,2,4,1,1,0,0,18,23,7542
2018-06-21,France,Peru,1,0,FIFA World Cup,2018,Group Stage,False,True,5,2,12,12,4,2,2,2,0,0,11,14,7546
2018-06-21,Argentina,Croatia,0,3,FIFA World Cup,2018,Group Stage,False,True,5,2,10,14,3,5,4,4,0,0,20,23,7545
2018-06-21,Denmark,Australia,1,1,FIFA World Cup,2018,Group Stage,False,True,3,5,10,13,5,5,2,0,0,0,7,6,7547
2018-06-22,Nigeria,Iceland,2,0,FIFA World Cup,2018,Group Stage,False,True,6,5,17,10,4,3,1,0,0,0,10,12,7549
2018-06-22,Serbia,Switzerland,1,2,FIFA World Cup,2018,Group Stage,False,True,3,7,12,19,3,5,4,1,0,0,20,13,7550
2018-06-22,Brazil,Costa Rica,2,0,FIFA World Cup,2018,Group Stage,False,True,10,1,23,4,9,0,2,1,0,0,11,17,7548
2018-06-23,Germany,Sweden,2,1,FIFA World Cup,2018,Group Stage,False,True,5,3,18,7,5,6,1,2,1,0,12,17,7551
2018-06-23,Belgium,Tunisia,5,2,FIFA World Cup,2018,Group Stage,False,True,3,2,23,17,11,5,0,1,0,0,13,15,7552
2018-06-23,South Korea,Mexico,1,2,FIFA World Cup,2018,Group Stage,False,True,7,4,17,14,6,5,3,0,0,0,26,8,7553
2018-06-24,Japan,Senegal,2,2,FIFA World Cup,2018,Group Stage,False,True,2,5,7,15,3,7,2,3,0,0,9,15,7556
2018-06-24,Poland,Colombia,0,3,FIFA World Cup,2018,Group Stage,False,True,7,5,11,13,2,3,2,0,0,0,17,11,7555
2018-06-24,England,Panama,6,1,FIFA World Cup,2018,Group Stage,False,True,3,2,11,8,7,2,1,3,0,0,14,13,7554
2018-06-25,Uruguay,Russia,3,0,FIFA World Cup,2018,Group Stage,False,False,4,2,16,3,6,1,1,1,0,1,19,19,7558
2018-06-25,Iran,Portugal,1,1,FIFA World Cup,2018,Group Stage,False,True,0,5,9,15,2,4,1,2,0,0,16,9,7557
2018-06-25,Spain,Morocco,2,2,FIFA World Cup,2018,Group Stage,False,True,7,1,18,8,3,3,0,6,0,0,6,18,7560
2018-06-25,Saudi Arabia,Egypt,2,1,FIFA World Cup,2018,Group Stage,False,True,6,1,21,8,7,1,0,2,0,0,9,17,7559
2018-06-26,Nigeria,Argentina,1,2,FIFA World Cup,2018,Group Stage,False,True,3,5,9,8,3,3,2,3,0,0,21,17,7564
2018-06-26,Denmark,France,0,0,FIFA World Cup,2018,Group Stage,False,True,4,2,5,11,1,4,1,0,0,0,11,10,7563
2018-06-26,Australia,Peru,0,2,FIFA World Cup,2018,Group Stage,False,True,8,3,16,4,2,3,3,2,0,0,12,12,7562
2018-06-26,Iceland,Croatia,1,2,FIFA World Cup,2018,Group Stage,False,True,10,5,17,13,6,2,3,1,0,0,14,13,7561
2018-06-27,Serbia,Brazil,0,2,FIFA World Cup,2018,Group Stage,False,True,5,8,11,15,1,7,3,0,0,0,14,7,7565
2018-06-27,South Korea,Germany,2,0,FIFA World Cup,2018,Group Stage,False,True,3,8,12,29,5,6,4,0,0,0,16,7,7567
2018-06-27,Mexico,Sweden,0,3,FIFA World Cup,2018,Group Stage,False,True,7,3,22,15,3,5,3,2,0,0,16,18,7566
2018-06-27,Switzerland,Costa Rica,2,2,FIFA World Cup,2018,Group Stage,False,True,6,3,13,14,3,6,2,2,0,0,10,15,7568
2018-06-28,Panama,Tunisia,1,2,FIFA World Cup,2018,Group Stage,False,True,0,6,9,15,4,6,1,3,0,0,20,20,7569
2018-06-28,Japan,Poland,0,1,FIFA World Cup,2018,Group Stage,False,True,5,7,11,11,3,2,1,0,0,0,12,9,7572
2018-06-28,England,Belgium,0,1,FIFA World Cup,2018,Group Stage,False,True,7,2,12,14,1,3,0,2,0,0,14,16,7570
2018-06-28,Senegal,Colombia,0,1,FIFA World Cup,2018,Group Stage,False,True,1,3,7,4,3,2,1,1,0,0,15,16,7571
2018-06-30,France,Argentina,4,3,FIFA World Cup,2018,Round of 16,True,True,0,4,9,12,4,4,2,4,0,0,23,14,7580
2018-06-30,Uruguay,Portugal,2,1,FIFA World Cup,2018,Round of 16,True,True,2,9,7,21,3,4,0,1,0,0,14,13,7579
2018-07-01,Croatia,Denmark,1,1,FIFA World Cup,2018,Round of 16,True,True,5,4,26,19,11,8,0,1,0,0,7,19,7581
2018-07-01,Spain,Russia,1,1,FIFA World Cup,2018,Round of 16,True,False,6,5,29,12,14,5,1,2,0,0,6,21,7582
2018-07-02,Belgium,Japan,3,2,FIFA World Cup,2018,Round of 16,True,True,8,4,28,12,7,4,0,1,0,0,13,11,7584
2018-07-02,Brazil,Mexico,2,0,FIFA World Cup,2018,Round of 16,True,True,8,7,19,14,10,1,2,4,0,0,8,19,7583
2018-07-03,Colombia,England,1,1,FIFA World Cup,2018,Round of 16,True,True,2,7,19,22,8,7,6,2,0,0,23,13,7585
2018-07-03,Sweden,Switzerland,1,0,FIFA World Cup,2018,Round of 16,True,True,3,11,12,16,3,3,1,2,0,1,12,16,7586
2018-07-06,Brazil,Belgium,1,2,FIFA World Cup,2018,Quarter-finals,True,True,8,4,25,8,9,3,2,2,0,0,20,18,8650
2018-07-06,Uruguay,France,0,2,FIFA World Cup,2018,Quarter-finals,True,True,4,3,10,11,4,2,2,2,0,0,22,18,8649
2018-07-07,Sweden,England,0,2,FIFA World Cup,2018,Quarter-finals,True,True,1,6,8,12,3,2,2,1,0,0,14,8,8651
2018-07-07,Russia,Croatia,2,2,FIFA World Cup,2018,Quarter-finals,True,False,6,8,18,23,10,9,1,4,0,0,24,18,8652
2018-07-10,France,Belgium,1,0,FIFA World Cup,2018,Semi-finals,True,True,4,5,19,9,5,2,2,3,0,0,6,17,8655
2018-07-11,Croatia,England,2,1,FIFA World Cup,2018,Semi-finals,True,True,8,4,22,11,7,1,2,1,0,0,26,13,8656
2018-07-14,Belgium,England,2,0,FIFA World Cup,2018,3rd Place Final,True,True,4,5,11,15,4,5,1,2,0,0,12,4,8657
2018-07-15,France,Croatia,4,2,FIFA World Cup,2018,Final,True,True,2,6,8,15,6,3,1,1,0,0,14,14,8658
2021-06-11,Turkey,Italy,0,3,UEFA Euro,2020,Group Stage,False,True,2,8,3,24,0,8,2,0,0,0,14,9,3788741
2021-06-12,Wales,Switzerland,1,1,UEFA Euro,2020,Group Stage,False,True,4,12,9,18,2,4,1,2,0,0,6,10,3788744
2021-06-12,Belgium,Russia,3,0,UEFA Euro,2020,Group Stage,False,True,2,4,9,5,4,1,0,0,0,0,12,14,3788743
2021-06-12,Denmark,Finland,0,1,UEFA Euro,2020,Group Stage,False,True,9,0,22,1,6,1,0,2,0,0,11,13,3788742
2021-06-13,Netherlands,Ukraine,3,2,UEFA Euro,2020,Group Stage,False,True,5,1,15,7,7,5,0,1,0,0,9,10,3788746
2021-06-13,England,Croatia,1,0,UEFA Euro,2020,Group Stage,False,True,1,1,8,8,2,1,1,3,0,0,9,13,3788745
2021-06-13,Austria,North Macedonia,3,1,UEFA Euro,2020,Group Stage,False,True,4,0,10,7,6,2,1,2,0,0,14,18,3788747
2021-06-14,Scotland,Czech Republic,0,2,UEFA Euro,2020,Group Stage,False,True,6,6,19,10,4,7,0,0,0,0,7,7,3788748
2021-06-14,Spain,Sweden,0,0,UEFA Euro,2020,Group Stage,False,True,6,1,17,4,5,0,0,1,0,0,8,15,3788750
2021-06-14,Poland,Slovakia,1,2,UEFA Euro,2020,Group Stage,False,True,5,2,18,11,4,2,1,1,1,0,15,13,3788749
2021-06-15,Hungary,Portugal,0,3,UEFA Euro,2020,Group Stage,False,True,0,6,5,11,3,7,2,1,0,0,14,16,3788752
2021-06-15,France,Germany,1,0,UEFA Euro,2020,Group Stage,False,True,3,5,4,10,1,1,0,1,0,0,8,13,3788751
2021-06-16,Finland,Russia,0,1,UEFA Euro,2020,Group Stage,False,True,1,4,11,14,1,3,2,3,0,0,15,13,3788753
2021-06-16,Italy,Switzerland,3,0,UEFA Euro,2020,Group Stage,False,True,3,2,13,6,3,1,0,2,0,0,10,14,3788754
2021-06-16,Turkey,Wales,0,2,UEFA Euro,2020,Group Stage,False,True,10,7,18,16,5,7,2,2,0,0,19,9,3788755
2021-06-17,Ukraine,North Macedonia,2,1,UEFA Euro,2020,Group Stage,False,True,5,5,17,13,9,4,1,2,0,0,10,13,3788758
2021-06-17,Netherlands,Austria,2,0,UEFA Euro,2020,Group Stage,False,True,2,5,14,9,3,1,1,2,0,0,14,11,3788756
2021-06-17,Denmark,Belgium,1,2,UEFA Euro,2020,Group Stage,False,True,2,4,21,6,5,4,3,1,0,0,15,19,3788757
2021-06-18,Sweden,Slovakia,1,0,UEFA Euro,2020,Group Stage,False,True,7,6,13,10,4,0,1,3,0,0,17,9,3788761
2021-06-18,Croatia,Czech Republic,1,1,UEFA Euro,2020,Group Stage,False,True,4,4,11,11,3,1,1,3,0,0,8,16,3788760
2021-06-18,England,Scotland,0,0,UEFA Euro,2020,Group Stage,False,True,6,5,9,11,1,1,0,2,0,0,16,20,3788759
2021-06-19,Hungary,France,1,1,UEFA Euro,2020,Group Stage,False,True,1,3,5,17,3,4,1,1,0,0,19,18,3788763
2021-06-19,Portugal,Germany,2,4,UEFA Euro,2020,Group Stage,False,True,6,3,7,13,2,7,0,2,0,0,7,16,3788764
2021-06-19,Spain,Poland,1,1,UEFA Euro,2020,Group Stage,False,True,7,1,12,5,5,2,2,4,0,0,17,21,3788762
2021-06-20,Switzerland,Turkey,3,1,UEFA Euro,2020,Group Stage,False,True,8,8,23,20,10,6,1,3,0,0,14,21,3788765
2021-06-20,Italy,Wales,1,0,UEFA Euro,2020,Group Stage,False,True,7,1,23,3,7,1,1,2,0,1,16,13,3788766
2021-06-21,Finland,Belgium,0,2,UEFA Euro,2020,Group Stage,False,True,0,5,7,17,1,7,0,0,0,0,7,10,3788768
2021-06-21,Russia,Denmark,1,4,UEFA Euro,2020,Group Stage,False,True,1,7,6,16,2,9,2,1,0,0,16,17,3788769
2021-06-21,Ukraine,Austria,0,1,UEFA Euro,2020,Group Stage,False,True,4,9,5,18,1,4,0,0,0,0,12,12,3788767
2021-06-21,North Macedonia,Netherlands,0,3,UEFA Euro,2020,Group Stage,False,True,5,7,13,17,1,7,4,0,0,0,12,16,3788770
2021-06-22,Czech Republic,England,0,1,UEFA Euro,2020,Group Stage,False,True,4,6,7,6,1,2,1,0,0,0,11,12,3788772
2021-06-22,Croatia,Scotland,3,1,UEFA Euro,2020,Group Stage,False,True,5,7,11,11,7,3,1,1,0,0,12,10,3788771
2021-06-23,Slovakia,Spain,0,5,UEFA Euro,2020,Group Stage,False,True,0,7,3,19,1,9,2,2,0,0,18,8,3788775
2021-06-23,Portugal,France,2,2,UEFA Euro,2020,Group Stage,False,True,0,1,10,11,5,5,0,4,0,0,13,20,3788773
2021-06-23,Germany,Hungary,2,2,UEFA Euro,2020,Group Stage,False,True,6,1,18,9,6,3,2,3,0,0,8,11,3788774
2021-06-23,Sweden,Poland,3,2,UEFA Euro,2020,Group Stage,False,True,6,10,11,18,4,6,1,2,0,0,15,14,3788776
2021-06-26,Wales,Denmark,0,4,UEFA Euro,2020,Round of 16,True,True,1,9,11,16,1,8,4,0,1,0,13,9,3794689
2021-06-26,Italy,Austria,2,1,UEFA Euro,2020,Round of 16,True,True,4,3,26,16,7,3,2,3,0,0,13,23,3794685
2021-06-27,Belgium,Portugal,1,0,UEFA Euro,2020,Round of 16,True,True,0,3,6,23,1,4,2,3,0,0,17,10,3794687
2021-06-27,Netherlands,Czech Republic,0,2,UEFA Euro,2020,Round of 16,True,True,6,5,6,12,0,5,2,1,1,0,7,15,3794690
2021-06-28,Croatia,Spain,3,5,UEFA Euro,2020,Round of 16,True,True,1,8,11,24,6,10,2,0,0,0,27,12,3794686
2021-06-28,France,Switzerland,3,3,UEFA Euro,2020,Round of 16,True,True,8,5,31,18,13,10,3,4,0,0,18,19,3794691
2021-06-29,Sweden,Ukraine,1,2,UEFA Euro,2020,Round of 16,True,True,6,2,13,15,3,4,2,2,1,0,12,8,3794692
2021-06-29,England,Germany,2,0,UEFA Euro,2020,Round of 16,True,True,3,3,5,9,4,3,3,2,0,0,12,13,3794688
2021-07-02,Switzerland,Spain,1,1,UEFA Euro,2020,Quarter-finals,True,True,9,13,12,34,5,15,2,1,1,0,17,15,3795108
2021-07-02,Belgium,Italy,1,2,UEFA Euro,2020,Quarter-finals,True,True,9,5,10,14,3,4,1,2,0,0,16,15,3795107
2021-07-03,Ukraine,England,0,4,UEFA Euro,2020,Quarter-finals,True,True,3,2,7,10,2,6,0,0,0,0,10,4,3795187
2021-07-03,Czech Republic,Denmark,1,2,UEFA Euro,2020,Quarter-finals,True,True,9,7,16,11,5,7,2,0,0,0,13,14,3795109
2021-07-06,Italy,Spain,1,1,UEFA Euro,2020,Semi-finals,True,True,1,6,12,20,9,7,2,1,0,0,20,19,3795220
2021-07-07,England,Denmark,2,1,UEFA Euro,2020,Semi-finals,True,True,6,5,21,6,10,4,1,1,0,0,11,23,3795221
2021-07-11,Italy,England,1,1,UEFA Euro,2020,Final,True,True,3,5,24,11,9,6,5,1,0,0,25,22,3795506
2022-11-20,Qatar,Ecuador,0,2,FIFA World Cup,2022,Group Stage,False,False,1,3,5,6,0,3,4,2,0,0,17,14,3857286
2022-11-21,Senegal,Netherlands,0,2,FIFA World Cup,2022,Group Stage,False,True,6,7,15,10,4,3,2,1,0,0,13,16,3857285
2022-11-21,England,Iran,6,2,FIFA World Cup,2022,Group Stage,False,True,8,0,13,8,7,2,0,2,0,0,9,21,3857271
2022-11-21,United States,Wales,1,1,FIFA World Cup,2022,Group Stage,False,True,5,3,6,7,1,3,4,2,0,0,17,10,3857282
2022-11-22,Denmark,Tunisia,0,0,FIFA World Cup,2022,Group Stage,False,True,11,9,11,13,5,1,2,1,0,0,13,10,3857254
2022-11-22,Argentina,Saudi Arabia,1,2,FIFA World Cup,2022,Group Stage,False,True,9,2,15,3,6,2,0,6,0,0,7,22,3857300
2022-11-22,France,Australia,4,1,FIFA World Cup,2022,Group Stage,False,True,8,1,23,4,6,1,0,3,0,0,4,14,3857279
2022-11-22,Mexico,Poland,0,0,FIFA World Cup,2022,Group Stage,False,True,6,5,11,6,4,2,2,1,0,0,14,15,3857265
2022-11-23,Belgium,Canada,1,0,FIFA World Cup,2022,Group Stage,False,True,4,4,9,22,3,3,3,2,0,0,11,15,3857268
2022-11-23,Germany,Japan,1,2,FIFA World Cup,2022,Group Stage,False,True,6,6,26,12,9,4,0,0,0,0,7,15,3857284
2022-11-23,Morocco,Croatia,0,0,FIFA World Cup,2022,Group Stage,False,True,0,5,8,5,2,1,1,0,0,0,18,12,3857277
2022-11-23,Spain,Costa Rica,7,0,FIFA World Cup,2022,Group Stage,False,True,5,0,17,0,8,0,0,2,0,0,8,14,3857291
2022-11-24,Brazil,Serbia,2,0,FIFA World Cup,2022,Group Stage,False,True,5,4,23,5,9,0,0,3,0,0,8,11,3857258
2022-11-24,Uruguay,South Korea,0,0,FIFA World Cup,2022,Group Stage,False,True,4,3,10,7,1,0,1,1,0,0,7,11,3857287
2022-11-24,Switzerland,Cameroon,1,0,FIFA World Cup,2022,Group Stage,False,True,11,5,7,8,3,5,2,1,0,0,14,10,3857290
2022-11-24,Portugal,Ghana,3,2,FIFA World Cup,2022,Group Stage,False,True,3,3,11,9,5,3,2,4,0,0,15,20,3857298
2022-11-25,Qatar,Senegal,1,3,FIFA World Cup,2022,Group Stage,False,False,6,6,10,12,3,4,3,3,0,0,11,13,3857301
2022-11-25,England,United States,0,0,FIFA World Cup,2022,Group Stage,False,True,3,7,8,10,3,1,0,0,0,0,11,16,3857272
2022-11-25,Wales,Iran,0,2,FIFA World Cup,2022,Group Stage,False,True,2,7,10,21,4,6,1,2,1,0,9,10,3857273
2022-11-25,Netherlands,Ecuador,1,1,FIFA World Cup,2022,Group Stage,False,True,2,5,2,15,1,4,0,1,0,0,16,13,3857274
2022-11-26,Tunisia,Australia,0,1,FIFA World Cup,2022,Group Stage,False,True,5,2,14,9,4,2,3,0,0,0,15,16,3857288
2022-11-26,France,Denmark,2,1,FIFA World Cup,2022,Group Stage,False,True,6,4,21,10,6,2,1,2,0,0,4,11,3857266
2022-11-26,Poland,Saudi Arabia,2,0,FIFA World Cup,2022,Group Stage,False,True,4,5,9,17,3,5,3,2,0,0,18,16,3857297
2022-11-26,Argentina,Mexico,2,0,FIFA World Cup,2022,Group Stage,False,True,4,2,5,4,2,1,1,4,0,0,15,21,3857289
2022-11-27,Croatia,Canada,4,1,FIFA World Cup,2022,Group Stage,False,True,5,2,13,8,10,2,2,2,0,0,15,6,3857281
2022-11-27,Belgium,Morocco,0,2,FIFA World Cup,2022,Group Stage,False,True,9,1,10,10,4,4,1,1,0,0,10,16,3857283
2022-11-27,Japan,Costa Rica,0,1,FIFA World Cup,2022,Group Stage,False,True,5,0,13,4,3,1,3,3,0,0,24,13,3857295
2022-11-27,Spain,Germany,1,1,FIFA World Cup,2022,Group Stage,False,True,6,5,7,11,2,4,1,3,0,0,14,15,3857263
2022-11-28,Cameroon,Serbia,3,3,FIFA World Cup,2022,Group Stage,False,True,4,3,13,15,8,5,2,2,0,0,9,16,3857259
2022-11-28,Brazil,Switzerland,1,0,FIFA World Cup,2022,Group Stage,False,True,8,3,13,6,5,0,1,1,0,0,10,18,3857269
2022-11-28,South Korea,Ghana,2,3,FIFA World Cup,2022,Group Stage,False,True,12,5,21,7,6,3,2,2,0,0,15,10,3857299
2022-11-28,Portugal,Uruguay,2,0,FIFA World Cup,2022,Group Stage,False,True,6,2,15,11,3,3,3,2,0,0,11,16,3857270
2022-11-29,Netherlands,Qatar,2,0,FIFA World Cup,2022,Group Stage,False,False,4,2,13,5,4,3,1,0,0,0,19,8,3857294
2022-11-29,Wales,England,0,3,FIFA World Cup,2022,Group Stage,False,True,1,6,7,18,1,7,2,0,0,0,19,11,3857261
2022-11-29,Ecuador,Senegal,1,2,FIFA World Cup,2022,Group Stage,False,True,3,6,9,13,4,3,0,1,0,0,23,10,3857267
2022-11-29,Iran,United States,0,1,FIFA World Cup,2022,Group Stage,False,True,1,5,4,12,1,5,3,1,0,0,21,13,3857278
2022-11-30,Poland,Argentina,0,2,FIFA World Cup,2022,Group Stage,False,True,1,8,4,24,0,13,1,1,0,0,9,12,3857264
2022-11-30,Saudi Arabia,Mexico,1,2,FIFA World Cup,2022,Group Stage,False,True,1,8,10,26,2,10,6,1,0,0,21,18,3857260
2022-11-30,Tunisia,France,1,0,FIFA World Cup,2022,Group Stage,False,True,7,8,5,10,3,3,1,0,0,0,16,8,3857275
2022-11-30,Australia,Denmark,1,0,FIFA World Cup,2022,Group Stage,False,True,2,6,8,14,4,4,2,1,0,0,12,10,3857257
2022-12-01,Costa Rica,Germany,2,4,FIFA World Cup,2022,Group Stage,False,True,1,14,7,31,5,11,1,0,0,0,4,9,3857292
2022-12-01,Croatia,Belgium,0,0,FIFA World Cup,2022,Group Stage,False,True,2,4,11,16,4,3,0,1,0,0,11,10,3857296
2022-12-01,Japan,Spain,2,1,FIFA World Cup,2022,Group Stage,False,True,0,2,6,12,3,5,3,0,0,0,11,8,3857255
2022-12-01,Canada,Morocco,1,2,FIFA World Cup,2022,Group Stage,False,True,6,2,5,7,0,2,4,0,0,0,16,15,3857276
2022-12-02,South Korea,Portugal,2,1,FIFA World Cup,2022,Group Stage,False,True,5,4,12,13,6,6,2,0,0,0,9,10,3857262
2022-12-02,Cameroon,Brazil,1,0,FIFA World Cup,2022,Group Stage,False,True,3,11,7,21,3,8,4,2,1,0,17,15,3857280
2022-12-02,Ghana,Uruguay,0,2,FIFA World Cup,2022,Group Stage,False,True,5,2,9,12,4,6,2,5,0,0,21,11,3857293
2022-12-02,Serbia,Switzerland,2,3,FIFA World Cup,2022,Group Stage,False,True,2,0,12,14,4,7,7,4,0,0,21,14,3857256
2022-12-03,Netherlands,United States,3,1,FIFA World Cup,2022,Round of 16,True,True,4,5,11,18,6,6,2,0,0,0,11,5,3869117
2022-12-03,Argentina,Australia,2,1,FIFA World Cup,2022,Round of 16,True,True,1,3,14,5,5,1,0,2,0,0,9,18,3869151
2022-12-04,France,Poland,3,1,FIFA World Cup,2022,Round of 16,True,True,7,1,16,12,8,2,1,2,0,0,11,10,3869152
2022-12-04,England,Senegal,3,0,FIFA World Cup,2022,Round of 16,True,True,3,3,8,10,4,1,0,1,0,0,16,13,3869118
2022-12-05,Brazil,South Korea,4,1,FIFA World Cup,2022,Round of 16,True,True,5,4,18,8,10,6,0,1,0,0,8,12,3869253
2022-12-05,Japan,Croatia,1,1,FIFA World Cup,2022,Round of 16,True,True,8,5,17,21,8,7,0,2,0,0,13,16,3869219
2022-12-06,Morocco,Spain,0,0,FIFA World Cup,2022,Round of 16,True,True,0,8,10,15,7,3,1,1,0,0,19,14,3869220
2022-12-06,Portugal,Switzerland,6,1,FIFA World Cup,2022,Round of 16,True,True,6,6,15,10,9,3,0,2,0,0,14,15,3869254
2022-12-09,Croatia,Brazil,1,1,FIFA World Cup,2022,Quarter-finals,True,True,3,7,13,24,5,14,2,3,0,0,23,25,3869420
2022-12-09,Netherlands,Argentina,2,2,FIFA World Cup,2022,Quarter-finals,True,True,2,8,12,19,7,9,7,8,1,0,37,22,3869321
2022-12-10,England,France,1,2,FIFA World Cup,2022,Quarter-finals,True,True,5,2,16,8,7,5,1,3,0,0,10,15,3869354
2022-12-10,Morocco,Portugal,1,0,FIFA World Cup,2022,Quarter-finals,True,True,3,9,9,12,3,3,2,1,1,0,18,9,3869486
2022-12-13,Argentina,Croatia,3,0,FIFA World Cup,2022,Semi-finals,True,True,2,4,9,12,7,2,2,2,0,0,20,10,3869519
2022-12-14,France,Morocco,2,0,FIFA World Cup,2022,Semi-finals,True,True,2,3,14,13,2,1,0,1,0,0,14,14,3869552
2022-12-17,Croatia,Morocco,2,1,FIFA World Cup,2022,3rd Place Final,True,True,6,3,12,9,4,2,0,2,0,0,14,15,3869684
2022-12-18,Argentina,France,3,3,FIFA World Cup,2022,Final,True,True,6,5,24,14,14,8,5,3,0,0,29,19,3869685
2024-01-13,Côte d'Ivoire,Guinea-Bissau,2,0,African Cup of Nations,2023,Group Stage,False,True,6,2,10,10,3,3,2,1,0,0,12,13,3920384
2024-01-14,Egypt,Mozambique,2,2,African Cup of Nations,2023,Group Stage,False,True,7,2,22,6,5,2,1,3,0,0,9,9,3920385
2024-01-14,Nigeria,Equatorial Guinea,1,1,African Cup of Nations,2023,Group Stage,False,True,2,3,19,8,6,1,1,2,0,0,13,12,3920386
2024-01-14,Ghana,Cape Verde Islands,1,2,African Cup of Nations,2023,Group Stage,False,True,2,5,11,15,1,5,3,3,0,0,17,15,3920387
2024-01-15,Senegal,Gambia,3,0,African Cup of Nations,2023,Group Stage,False,True,6,4,14,12,6,2,2,0,0,1,20,13,3920388
2024-01-15,Algeria,Angola,1,1,African Cup of Nations,2023,Group Stage,False,True,14,2,16,7,3,1,4,1,0,0,13,19,3920390
2024-01-15,Cameroon,Guinea,1,1,African Cup of Nations,2023,Group Stage,False,True,5,0,13,6,2,2,2,1,0,1,14,15,3920389
2024-01-16,Mali,South Africa,2,0,African Cup of Nations,2023,Group Stage,False,True,2,3,16,12,6,5,3,2,0,0,14,12,3920391
2024-01-16,Burkina Faso,Mauritania,1,0,African Cup of Nations,2023,Group Stage,False,True,3,4,11,9,5,5,3,2,0,0,21,13,3920392
2024-01-16,Tunisia,Namibia,0,1,African Cup of Nations,2023,Group Stage,False,True,8,7,9,13,3,4,0,0,0,0,11,13,3920393
2024-01-17,Congo DR,Zambia,1,1,African Cup of Nations,2023,Group Stage,False,True,7,0,27,3,7,1,1,1,0,0,11,13,3920395
2024-01-17,Morocco,Tanzania,3,0,African Cup of Nations,2023,Group Stage,False,True,5,2,15,2,7,0,2,4,0,1,14,16,3920394
2024-01-18,Côte d'Ivoire,Nigeria,0,1,African Cup of Nations,2023,Group Stage,False,True,5,6,14,11,3,1,0,1,0,0,16,19,3920398
2024-01-18,Egypt,Ghana,2,2,African Cup of Nations,2023,Group Stage,False,True,3,4,11,6,5,4,0,1,0,0,14,20,3920396
2024-01-18,Equatorial Guinea,Guinea-Bissau,4,2,African Cup of Nations,2023,Group Stage,False,True,2,7,8,12,6,3,2,0,0,0,15,11,3920397
2024-01-19,Senegal,Cameroon,3,1,African Cup of Nations,2023,Group Stage,False,True,8,9,5,5,3,1,1,3,0,0,14,14,3920400
2024-01-19,Guinea,Gambia,1,0,African Cup of Nations,2023,Group Stage,False,True,7,5,16,7,5,0,2,2,0,0,12,19,3920401
2024-01-19,Cape Verde Islands,Mozambique,3,0,African Cup of Nations,2023,Group Stage,False,True,1,6,11,8,5,2,1,0,0,0,17,15,3920399
2024-01-20,Tunisia,Mali,1,1,African Cup of Nations,2023,Group Stage,False,True,3,4,5,12,1,1,2,0,0,0,13,13,3920404
2024-01-20,Algeria,Burkina Faso,2,2,African Cup of Nations,2023,Group Stage,False,True,4,1,15,7,5,3,2,5,0,0,13,18,3920402
2024-01-20,Mauritania,Angola,2,3,African Cup of Nations,2023,Group Stage,False,True,6,11,14,20,5,6,2,1,0,0,13,16,3920403
2024-01-21,South Africa,Namibia,4,0,African Cup of Nations,2023,Group Stage,False,True,6,2,12,4,8,1,1,0,0,0,20,13,3920407
2024-01-21,Zambia,Tanzania,1,1,African Cup of Nations,2023,Group Stage,False,True,5,3,11,6,4,2,2,0,1,0,18,9,3920406
2024-01-21,Morocco,Congo DR,1,1,African Cup of Nations,2023,Group Stage,False,True,3,5,11,11,4,2,3,1,0,0,17,17,3920405
2024-01-22,Cape Verde Islands,Egypt,2,2,African Cup of Nations,2023,Group Stage,False,True,4,8,6,27,3,7,1,2,0,0,9,11,3920411
2024-01-22,Equatorial Guinea,Côte d'Ivoire,4,0,African Cup of Nations,2023,Group Stage,False,True,1,11,10,22,7,3,3,2,0,0,23,21,3920408
2024-01-22,Guinea-Bissau,Nigeria,0,1,African Cup of Nations,2023,Group Stage,False,True,3,2,12,11,5,1,0,3,0,0,17,20,3920409
2024-01-22,Mozambique,Ghana,2,2,African Cup of Nations,2023,Group Stage,False,True,6,3,14,8,4,4,4,5,0,0,10,33,3920410
2024-01-23,Guinea,Senegal,0,2,African Cup of Nations,2023,Group Stage,False,True,0,6,4,12,1,2,2,2,0,0,18,14,3920412
2024-01-23,Gambia,Cameroon,2,3,African Cup of Nations,2023,Group Stage,False,True,7,5,15,13,7,3,4,0,0,0,15,9,3920413
2024-01-23,Mauritania,Algeria,1,0,African Cup of Nations,2023,Group Stage,False,True,5,6,17,16,7,5,3,3,0,0,20,15,3920415
2024-01-23,Angola,Burkina Faso,2,0,African Cup of Nations,2023,Group Stage,False,True,1,6,6,20,5,3,3,1,0,0,15,10,3920414
2024-01-24,Namibia,Mali,0,0,African Cup of Nations,2023,Group Stage,False,True,9,3,5,11,0,2,1,0,0,0,14,15,3920417
2024-01-24,Tanzania,Congo DR,0,0,African Cup of Nations,2023,Group Stage,False,True,1,4,4,9,0,3,0,1,0,0,5,9,3920418
2024-01-24,Zambia,Morocco,0,1,African Cup of Nations,2023,Group Stage,False,True,3,7,11,19,2,7,0,1,0,0,10,17,3920419
2024-01-24,South Africa,Tunisia,0,0,African Cup of Nations,2023,Group Stage,False,True,5,6,11,11,2,2,0,0,0,0,14,12,3920416
2024-01-27,Angola,Namibia,3,0,African Cup of Nations,2023,Round of 16,True,True,6,3,11,12,4,4,0,2,1,1,15,20,3922237
2024-01-27,Nigeria,Cameroon,2,0,African Cup of Nations,2023,Round of 16,True,True,3,1,8,6,4,0,2,2,0,0,20,19,3922238
2024-01-28,Egypt,Congo DR,1,1,African Cup of Nations,2023,Round of 16,True,True,2,4,20,21,11,9,3,3,1,0,19,22,3922240
2024-01-28,Equatorial Guinea,Guinea,0,1,African Cup of Nations,2023,Round of 16,True,True,2,2,5,10,0,4,0,1,1,0,12,18,3922239
2024-01-29,Cape Verde Islands,Mauritania,1,0,African Cup of Nations,2023,Round of 16,True,True,11,1,18,11,4,0,1,1,0,0,18,14,3922241
2024-01-29,Senegal,Côte d'Ivoire,1,1,African Cup of Nations,2023,Round of 16,True,True,6,2,18,13,8,9,4,3,0,0,25,26,3922242
2024-01-30,Mali,Burkina Faso,2,1,African Cup of Nations,2023,Round of 16,True,True,1,2,14,8,4,4,1,3,0,0,19,18,3922244
2024-01-30,Morocco,South Africa,0,2,African Cup of Nations,2023,Round of 16,True,True,6,2,13,5,2,3,1,3,1,0,13,17,3922243
2024-02-02,Nigeria,Angola,1,0,African Cup of Nations,2023,Quarter-finals,True,True,4,7,13,10,3,2,1,3,0,0,18,20,3922321
2024-02-02,Congo DR,Guinea,3,1,African Cup of Nations,2023,Quarter-finals,True,True,3,4,13,7,3,3,1,2,0,0,16,18,3922356
2024-02-03,Mali,Côte d'Ivoire,1,2,African Cup of Nations,2023,Quarter-finals,True,True,10,2,11,11,4,3,3,5,1,2,31,19,3922659
2024-02-03,Cape Verde Islands,South Africa,0,0,African Cup of Nations,2023,Quarter-finals,True,True,10,4,30,20,6,9,1,0,0,0,19,15,3922658
2024-02-07,Nigeria,South Africa,1,1,African Cup of Nations,2023,Semi-finals,True,True,5,4,19,18,10,9,2,0,0,1,22,11,3922837
2024-02-07,Côte d'Ivoire,Congo DR,1,0,African Cup of Nations,2023,Semi-finals,True,True,6,6,14,7,2,1,0,0,0,0,14,17,3922838
2024-02-10,South Africa,Congo DR,0,0,African Cup of Nations,2023,3rd Place Final,True,True,2,1,13,20,9,10,0,1,0,0,7,13,3923880
2024-02-11,Nigeria,Côte d'Ivoire,1,2,African Cup of Nations,2023,Final,True,True,4,5,5,18,1,7,2,3,0,0,19,15,3923881
2024-06-14,Germany,Scotland,5,1,UEFA Euro,2024,Group Stage,False,False,5,0,20,1,10,0,2,1,0,1,15,9,3930158
2024-06-15,Hungary,Switzerland,1,3,UEFA Euro,2024,Group Stage,False,True,2,6,6,15,2,7,2,2,0,0,10,14,3930159
2024-06-15,Spain,Croatia,3,0,UEFA Euro,2024,Group Stage,False,True,5,0,11,16,6,5,1,0,0,0,16,13,3930160
2024-06-15,Italy,Albania,2,1,UEFA Euro,2024,Group Stage,False,True,5,3,17,8,4,2,2,2,0,0,8,10,3930161
2024-06-16,Poland,Netherlands,1,2,UEFA Euro,2024,Group Stage,False,True,3,6,12,21,7,4,0,1,0,0,10,8,3938637
2024-06-16,Slovenia,Denmark,1,1,UEFA Euro,2024,Group Stage,False,True,5,9,11,16,2,4,2,1,0,0,13,10,3930162
2024-06-16,Serbia,England,0,1,UEFA Euro,2024,Group Stage,False,True,2,1,6,5,1,2,2,0,0,0,28,12,3930163
2024-06-17,Belgium,Slovakia,0,1,UEFA Euro,2024,Group Stage,False,True,5,7,16,10,5,4,3,1,0,0,15,13,3930164
2024-06-17,Austria,France,0,1,UEFA Euro,2024,Group Stage,False,True,6,2,5,14,3,3,5,2,0,0,23,13,3930165
2024-06-17,Romania,Ukraine,3,0,UEFA Euro,2024,Group Stage,False,True,3,8,10,13,5,2,1,1,0,0,12,9,3938638
2024-06-18,Turkey,Georgia,3,1,UEFA Euro,2024,Group Stage,False,True,5,5,22,14,7,4,2,1,0,0,10,10,3938639
2024-06-18,Portugal,Czech Republic,2,1,UEFA Euro,2024,Group Stage,False,True,13,0,19,5,8,1,2,1,0,0,6,12,3930166
2024-06-19,Germany,Hungary,2,0,UEFA Euro,2024,Group Stage,False,False,11,7,19,11,7,2,2,2,0,0,16,19,3930168
2024-06-19,Croatia,Albania,2,2,UEFA Euro,2024,Group Stage,False,True,3,1,21,14,8,7,1,3,0,0,16,13,3930167
2024-06-19,Scotland,Switzerland,1,1,UEFA Euro,2024,Group Stage,False,True,5,8,12,11,3,5,3,2,0,0,13,12,3930169
2024-06-20,Spain,Italy,1,0,UEFA Euro,2024,Group Stage,False,True,5,2,20,4,9,1,3,2,0,0,19,15,3930172
2024-06-20,Denmark,England,1,1,UEFA Euro,2024,Group Stage,False,True,4,2,16,12,7,4,3,1,0,0,13,8,3930171
2024-06-20,Slovenia,Serbia,1,1,UEFA Euro,2024,Group Stage,False,True,4,9,12,15,4,4,2,4,0,0,14,9,3930170
2024-06-21,Slovakia,Ukraine,1,2,UEFA Euro,2024,Group Stage,False,True,4,4,14,13,5,5,0,1,0,0,10,15,3938640
2024-06-21,Netherlands,France,0,0,UEFA Euro,2024,Group Stage,False,True,3,6,9,15,4,3,1,0,0,0,14,9,3930173
2024-06-21,Poland,Austria,1,3,UEFA Euro,2024,Group Stage,False,True,4,3,15,15,3,9,4,2,0,0,15,17,3938641
2024-06-21,Argentina,Canada,2,0,Copa America,2024,Group Stage,False,True,7,4,19,10,8,2,2,2,0,0,19,10,3939969
2024-06-22,Peru,Chile,0,0,Copa America,2024,Group Stage,False,True,1,3,7,11,4,1,1,3,0,0,23,20,3939970
2024-06-22,Turkey,Portugal,0,3,UEFA Euro,2024,Group Stage,False,True,9,1,11,12,3,3,3,2,0,0,19,8,3930174
2024-06-22,Belgium,Romania,2,0,UEFA Euro,2024,Group Stage,False,True,7,7,20,14,9,4,1,2,0,0,12,14,3930175
2024-06-22,Georgia,Czech Republic,1,1,UEFA Euro,2024,Group Stage,False,True,5,11,5,27,1,11,4,5,0,0,13,17,3938642
2024-06-22,Ecuador,Venezuela,1,2,Copa America,2024,Group Stage,False,True,3,5,9,14,4,5,2,2,1,0,21,18,3939972
2024-06-23,Mexico,Jamaica,1,0,Copa America,2024,Group Stage,False,True,7,6,20,13,9,4,0,0,0,0,8,7,3939971
2024-06-23,United States,Bolivia,2,0,Copa America,2024,Group Stage,False,False,7,1,20,6,8,3,1,4,0,0,11,20,3939974
2024-06-23,Scotland,Hungary,0,1,UEFA Euro,2024,Group Stage,False,True,2,6,4,14,0,5,1,5,0,0,16,14,3930177
2024-06-23,Switzerland,Germany,1,1,UEFA Euro,2024,Group Stage,False,False,2,9,4,18,3,3,3,1,0,0,15,12,3930176
2024-06-24,Croatia,Italy,1,1,UEFA Euro,2024,Group Stage,False,True,2,11,6,13,4,3,6,2,0,0,23,10,3930178
2024-06-24,Uruguay,Panama,3,1,Copa America,2024,Group Stage,False,True,9,3,20,10,7,3,0,1,0,0,17,13,3939973
2024-06-24,Albania,Spain,0,1,UEFA Euro,2024,Group Stage,False,True,2,7,10,16,4,3,2,1,0,0,8,17,3930179
2024-06-24,Colombia,Paraguay,2,1,Copa America,2024,Group Stage,False,True,3,3,11,11,3,3,1,2,0,0,10,20,3939975
2024-06-25,Netherlands,Austria,2,3,UEFA Euro,2024,Group Stage,False,True,5,2,11,9,2,5,0,3,0,0,14,16,3930180
2024-06-25,Denmark,Serbia,0,0,UEFA Euro,2024,Group Stage,False,True,8,2,10,5,3,1,2,2,0,0,14,7,3930182
2024-06-25,Peru,Canada,0,1,Copa America,2024,Group Stage,False,True,2,1,9,5,4,2,0,1,1,0,19,14,3939978
2024-06-25,France,Poland,1,1,UEFA Euro,2024,Group Stage,False,True,11,3,19,10,8,3,1,3,0,0,15,20,3938643
2024-06-25,Brazil,Costa Rica,0,0,Copa America,2024,Group Stage,False,True,9,1,20,2,3,0,1,2,0,0,13,15,3939976
2024-06-25,England,Slovenia,0,0,UEFA Euro,2024,Group Stage,False,True,6,0,12,4,3,2,3,2,0,0,12,10,3930181
2024-06-26,Czech Republic,Turkey,1,2,UEFA Euro,2024,Group Stage,False,True,3,7,12,18,6,5,6,11,2,0,18,10,3930184
2024-06-26,Chile,Argentina,0,1,Copa America,2024,Group Stage,False,True,0,11,3,22,3,8,2,0,0,0,13,9,3939977
2024-06-26,Georgia,Portugal,2,0,UEFA Euro,2024,Group Stage,False,True,1,11,7,22,3,5,1,3,0,0,8,11,3938644
2024-06-26,Ukraine,Belgium,0,0,UEFA Euro,2024,Group Stage,False,True,2,7,14,12,5,4,1,1,0,0,12,10,3938645
2024-06-26,Slovakia,Romania,1,1,UEFA Euro,2024,Group Stage,False,True,5,1,13,9,4,5,1,3,0,0,11,12,3930183
2024-06-26,Ecuador,Jamaica,3,1,Copa America,2024,Group Stage,False,True,7,8,23,7,3,4,0,4,0,0,9,19,3939980
2024-06-27,Panama,United States,2,1,Copa America,2024,Group Stage,False,False,3,0,13,6,4,2,3,2,1,1,19,6,3939981
2024-06-27,Venezuela,Mexico,1,0,Copa America,2024,Group Stage,False,True,2,7,10,18,2,5,2,2,0,0,12,16,3939979
2024-06-28,Colombia,Costa Rica,3,0,Copa America,2024,Group Stage,False,True,4,2,18,5,5,0,2,1,0,0,20,19,3939984
2024-06-28,Uruguay,Bolivia,5,0,Copa America,2024,Group Stage,False,True,4,3,18,4,9,1,0,1,0,0,12,19,3939982
2024-06-29,Paraguay,Brazil,1,4,Copa America,2024,Group Stage,False,True,4,6,15,17,6,6,2,3,1,0,17,14,3939983
2024-06-29,Switzerland,Italy,2,0,UEFA Euro,2024,Round of 16,True,True,4,6,16,11,3,1,0,3,0,0,11,17,3940878
2024-06-29,Germany,Denmark,2,0,UEFA Euro,2024,Round of 16,True,False,6,6,15,10,9,2,0,2,0,0,7,18,3940983
2024-06-30,Argentina,Peru,2,0,Copa America,2024,Group Stage,False,True,6,3,12,7,6,1,1,5,0,0,14,24,3939986
2024-06-30,England,Slovakia,2,1,UEFA Euro,2024,Round of 16,True,True,9,1,16,13,2,3,3,6,0,0,13,19,3941017
2024-06-30,Spain,Georgia,4,1,UEFA Euro,2024,Round of 16,True,True,13,3,35,4,13,0,1,1,0,0,12,11,3941018
2024-06-30,Canada,Chile,0,0,Copa America,2024,Group Stage,False,True,8,4,9,8,3,4,5,1,0,1,16,8,3939985
2024-07-01,Portugal,Slovenia,0,0,UEFA Euro,2024,Round of 16,True,True,11,4,23,13,8,6,1,5,0,0,8,21,3941020
2024-07-01,Mexico,Ecuador,0,0,Copa America,2024,Group Stage,False,True,5,2,20,9,4,3,5,2,0,0,17,12,3939988
2024-07-01,Jamaica,Venezuela,0,3,Copa America,2024,Group Stage,False,True,6,9,8,17,1,3,1,1,0,0,7,12,3939987
2024-07-01,France,Belgium,1,0,UEFA Euro,2024,Round of 16,True,True,5,2,19,5,2,2,3,2,0,0,8,10,3941019
2024-07-02,Bolivia,Panama,1,3,Copa America,2024,Group Stage,False,True,2,1,7,13,3,6,2,1,0,0,23,10,3939989
2024-07-02,Austria,Turkey,1,2,UEFA Euro,2024,Round of 16,True,True,10,4,21,6,5,3,2,2,0,0,12,5,3941022
2024-07-02,Romania,Netherlands,0,3,UEFA Euro,2024,Round of 16,True,True,4,12,5,24,1,6,2,2,0,0,11,9,3941021
2024-07-02,United States,Uruguay,0,1,Copa America,2024,Group Stage,False,False,2,3,8,12,2,5,2,1,0,0,12,15,3939990
2024-07-03,Brazil,Colombia,1,1,Copa America,2024,Group Stage,False,True,6,5,7,13,3,6,3,2,0,0,16,20,3939991
2024-07-03,Costa Rica,Paraguay,2,1,Copa America,2024,Group Stage,False,True,1,6,2,17,2,6,3,3,0,0,14,17,3939992
2024-07-05,Spain,Germany,2,1,UEFA Euro,2024,Quarter-finals,True,False,1,5,19,23,6,5,6,8,1,0,17,22,3942226
2024-07-05,Portugal,France,0,0,UEFA Euro,2024,Quarter-finals,True,True,11,4,19,25,7,10,1,1,0,0,11,16,3942349
2024-07-05,Argentina,Ecuador,1,1,Copa America,2024,Quarter-finals,True,True,2,5,13,13,6,6,2,2,0,0,15,16,3942228
2024-07-06,Venezuela,Canada,1,1,Copa America,2024,Quarter-finals,True,True,7,3,21,22,7,10,1,2,0,0,8,13,3942229
2024-07-06,England,Switzerland,1,1,UEFA Euro,2024,Quarter-finals,True,True,4,2,18,16,8,7,1,2,0,0,9,15,3942227
2024-07-06,Colombia,Panama,5,0,Copa America,2024,Quarter-finals,True,True,4,2,7,14,5,2,1,3,0,0,15,23,3942416
2024-07-06,Netherlands,Turkey,2,1,UEFA Euro,2024,Quarter-finals,True,True,3,7,11,15,4,3,4,1,0,1,16,9,3942382
2024-07-07,Uruguay,Brazil,0,0,Copa America,2024,Quarter-finals,True,True,6,2,17,11,6,6,2,2,1,0,29,16,3942415
2024-07-09,Spain,France,2,1,UEFA Euro,2024,Semi-finals,True,True,4,6,6,9,2,3,2,2,0,0,10,14,3942752
2024-07-10,Netherlands,England,1,2,UEFA Euro,2024,Semi-finals,True,True,3,0,7,9,3,5,3,3,0,0,13,11,3942819
2024-07-10,Argentina,Canada,2,0,Copa America,2024,Semi-finals,True,True,2,2,11,9,3,2,1,3,0,0,6,16,3942785
2024-07-11,Uruguay,Colombia,0,1,Copa America,2024,Semi-finals,True,True,4,3,11,11,2,3,3,4,0,1,14,16,3942852
2024-07-14,Canada,Uruguay,2,2,Copa America,2024,3rd Place Final,True,True,7,6,19,16,9,9,4,2,0,0,19,19,3943076
2024-07-14,Spain,England,2,1,UEFA Euro,2024,Final,True,True,10,2,16,9,6,3,1,3,0,0,12,7,3943043
2024-07-15,Argentina,Colombia,1,0,Copa America,2024,Final,True,True,4,7,11,19,5,4,2,2,0,0,11,20,3943077
